{"age": [18, 87.0], "bmi": [13.674999999999994, 47.31500000000001], "children": [0, 5.0], "charges": [1121.8739, 34524.777625], "sex_n": [0, 2.5], "smoker_n": [1.0, 1.0], "region_n": [0, 3.5]}