{"bmi": [13.674999999999994, 47.31500000000001], "charges": [1121.8739, 34524.777625]}